dataset,null_source,realized,n
CD_epithelial,healthy,0.0,1752
CD_epithelial,matched,0.0,1752
CD_immune,healthy,0.000725689404934688,2756
CD_immune,matched,0.0,2756
PSO_skin,healthy,0.2713903743315508,2992
PSO_skin,matched,0.00033422459893048126,2992
TS_Bone_Marrow,healthy,0.0003495281370150297,2861
TS_Bone_Marrow,matched,0.0003495281370150297,2861
TS_Large_Intestine,healthy,0.03826955074875208,3005
TS_Large_Intestine,matched,0.00033277870216306157,3005
TS_Liver,healthy,0.04307178631051753,2995
TS_Liver,matched,0.03672787979966611,2995
TS_Lung,healthy,0.009993337774816789,3002
TS_Lung,matched,0.0,3002
TS_Pancreas,healthy,0.0015965939329430547,1879
TS_Pancreas,matched,0.0,1879
TS_Skin,healthy,0.0004363001745200698,2292
TS_Skin,matched,0.0,2292
TS_Small_Intestine,healthy,0.0,2995
TS_Small_Intestine,matched,0.000333889816360601,2995
TS_Spleen,healthy,0.006263048016701462,2874
TS_Spleen,matched,0.0003479471120389701,2874
TS_Stomach,healthy,0.0,2995
TS_Stomach,matched,0.0,2995
UC_colon,healthy,0.0,837
UC_colon,matched,0.0011947431302270011,837
