group,dataset,mode,R1_twogroup,R1b_topcluster,R3_refSD,R4_tirosh
healthy,TS_Bone_Marrow,reffree,23.24,0.8,,11.95
healthy,TS_Bone_Marrow,refimm,23.54,0.33,0.3,1.5
healthy,TS_Kidney,reffree,14.9,7.38,,4.03
healthy,TS_Kidney,refimm,14.98,18.94,11.25,13.61
healthy,TS_Large_Intestine,reffree,30.88,1.26,,6.09
healthy,TS_Large_Intestine,refimm,47.05,16.17,6.16,12.01
healthy,TS_Liver,reffree,4.54,5.54,,6.58
healthy,TS_Liver,refimm,4.31,5.64,9.82,8.21
healthy,TS_Lung,reffree,56.36,0.37,,5.73
healthy,TS_Lung,refimm,56.16,0.33,6.26,9.16
healthy,TS_Pancreas,reffree,16.0,7.05,,14.89
healthy,TS_Pancreas,refimm,19.61,8.9,16.53,19.29
healthy,TS_Skin,reffree,8.69,8.3,,9.34
healthy,TS_Skin,refimm,8.69,8.34,1.0,4.13
healthy,TS_Small_Intestine,reffree,69.78,1.4,,3.41
healthy,TS_Small_Intestine,refimm,37.16,1.2,8.11,11.89
healthy,TS_Spleen,reffree,22.52,5.14,,5.94
healthy,TS_Spleen,refimm,22.46,5.24,2.5,5.11
healthy,TS_Stomach,reffree,19.07,5.58,,5.98
healthy,TS_Stomach,refimm,6.51,4.84,3.27,4.17
inflamed,CD_epithelial,reffree,51.09,16.05,,3.56
inflamed,CD_immune,reffree,30.03,21.03,,5.45
inflamed,CD_immune,refimm,32.79,21.13,0.47,0.53
inflamed,PSO_skin,reffree,78.04,19.28,,0.9
inflamed,PSO_skin,refimm,10.83,13.97,4.51,2.21
inflamed,UC_colon,reffree,70.99,7.97,,2.47
inflamed,UC_colon,refimm,50.0,10.66,12.07,17.62
