dataset,n,aneuploid_pct,notdefined_pct,group
CD_epithelial,591,22.673434856175973,42.978003384094755,inflamed
CD_immune,1126,6.838365896980461,80.63943161634103,inflamed
PSO_skin,1194,32.83082077051927,8.040201005025125,inflamed
TS_Bone_Marrow,1206,13.266998341625207,0.9950248756218906,healthy
TS_Kidney,1198,42.40400667779633,0.0,healthy
TS_Large_Intestine,1196,62.95986622073578,0.16722408026755853,healthy
TS_Liver,1186,10.286677908937605,3.541315345699832,healthy
TS_Lung,1192,26.76174496644295,0.8389261744966443,healthy
TS_Pancreas,1204,49.75083056478405,0.6644518272425249,healthy
TS_Skin,1198,50.25041736227045,1.5025041736227045,healthy
TS_Small_Intestine,1192,63.00335570469798,0.16778523489932887,healthy
TS_Spleen,1210,2.975206611570248,3.6363636363636362,healthy
TS_Stomach,1200,17.416666666666668,2.666666666666667,healthy
UC_colon,1196,22.909698996655518,56.35451505016722,inflamed
