mode,dataset,burden,n,auc_meansq
reffree,SPK_TS_Liver,1,120,0.5730510440835267
reffree,SPK_TS_Liver,2,120,0.5620340293890178
reffree,SPK_TS_Liver,3,120,0.5711175560711523
reffree,SPK_TS_Liver,5,120,0.5844934261407579
reffree,SPK_TS_Liver,8,120,0.683569218870843
reffree,SPK_TS_Liver,12,120,0.7092227378190256
reffree,SPK_TS_Liver,18,120,0.8242575406032482
reffree,SPK_TS_Lung,1,120,0.5030527289546716
reffree,SPK_TS_Lung,2,120,0.48458988590810975
reffree,SPK_TS_Lung,3,120,0.5435437866173296
reffree,SPK_TS_Lung,5,120,0.6606074622263337
reffree,SPK_TS_Lung,8,120,0.776645852605612
reffree,SPK_TS_Lung,12,120,0.7751888683317916
reffree,SPK_TS_Lung,18,120,0.8744025593586187
reffree,SPK_TS_Spleen,1,120,0.5178527275537012
reffree,SPK_TS_Spleen,2,120,0.5905771905424201
reffree,SPK_TS_Spleen,3,120,0.5551344459898007
reffree,SPK_TS_Spleen,5,120,0.7092450934940505
reffree,SPK_TS_Spleen,8,120,0.8122005872353578
reffree,SPK_TS_Spleen,12,120,0.8916743934476897
reffree,SPK_TS_Spleen,18,120,0.8479408128573636
refimm,SPK_TS_Liver,1,120,0.5698337200309358
refimm,SPK_TS_Liver,2,120,0.5683449342614076
refimm,SPK_TS_Liver,3,120,0.5611214230471772
refimm,SPK_TS_Liver,5,120,0.5550154679040991
refimm,SPK_TS_Liver,8,120,0.6566318638824439
refimm,SPK_TS_Liver,12,120,0.6860286156225831
refimm,SPK_TS_Liver,18,120,0.8153557617942769
refimm,SPK_TS_Lung,1,120,0.5083333333333334
refimm,SPK_TS_Lung,2,120,0.4862126117792168
refimm,SPK_TS_Lung,3,120,0.5644002466851681
refimm,SPK_TS_Lung,5,120,0.6375192722787543
refimm,SPK_TS_Lung,8,120,0.7644850447116868
refimm,SPK_TS_Lung,12,120,0.722082176996608
refimm,SPK_TS_Lung,18,120,0.8427073697193955
refimm,SPK_TS_Spleen,1,120,0.5208854891052388
refimm,SPK_TS_Spleen,2,120,0.5876835110492968
refimm,SPK_TS_Spleen,3,120,0.5519201050842218
refimm,SPK_TS_Spleen,5,120,0.6980837583062897
refimm,SPK_TS_Spleen,8,120,0.7966504404265183
refimm,SPK_TS_Spleen,12,120,0.8751815793540412
refimm,SPK_TS_Spleen,18,120,0.8247450162262401
