dataset,spike_burden,n,tumour_pct
SPK_TS_Liver,0,2155,83.15545243619489
SPK_TS_Liver,1,120,76.66666666666667
SPK_TS_Liver,2,120,81.66666666666667
SPK_TS_Liver,3,120,85.0
SPK_TS_Liver,5,120,83.33333333333334
SPK_TS_Liver,8,120,77.5
SPK_TS_Liver,12,120,78.33333333333333
SPK_TS_Liver,18,120,81.66666666666667
SPK_TS_Lung,0,2162,6.3367252543940795
SPK_TS_Lung,1,120,7.5
SPK_TS_Lung,2,120,7.5
SPK_TS_Lung,3,120,5.833333333333333
SPK_TS_Lung,5,120,7.5
SPK_TS_Lung,8,120,10.833333333333334
SPK_TS_Lung,12,120,2.5
SPK_TS_Lung,18,120,4.166666666666666
SPK_TS_Spleen,0,2157,3.05980528511822
SPK_TS_Spleen,1,120,1.6666666666666667
SPK_TS_Spleen,2,120,2.5
SPK_TS_Spleen,3,120,5.833333333333333
SPK_TS_Spleen,5,120,4.166666666666666
SPK_TS_Spleen,8,120,4.166666666666666
SPK_TS_Spleen,12,120,3.3333333333333335
SPK_TS_Spleen,18,120,2.5
