dataset,spike_burden,n,aneu_pct
SPK_TS_Liver,0,866,1.7321016166281753
SPK_TS_Liver,1,42,0.0
SPK_TS_Liver,2,28,0.0
SPK_TS_Liver,3,56,0.0
SPK_TS_Liver,5,40,2.5
SPK_TS_Liver,8,48,0.0
SPK_TS_Liver,12,58,0.0
SPK_TS_Liver,18,48,0.0
SPK_TS_Lung,0,886,14.89841986455982
SPK_TS_Lung,1,62,14.516129032258066
SPK_TS_Lung,2,26,7.6923076923076925
SPK_TS_Lung,3,52,19.230769230769234
SPK_TS_Lung,5,30,6.666666666666667
SPK_TS_Lung,8,46,4.3478260869565215
SPK_TS_Lung,12,58,0.0
SPK_TS_Lung,18,32,0.0
SPK_TS_Spleen,0,902,58.31485587583148
SPK_TS_Spleen,1,44,56.81818181818182
SPK_TS_Spleen,2,32,59.375
SPK_TS_Spleen,3,46,52.17391304347826
SPK_TS_Spleen,5,44,61.36363636363637
SPK_TS_Spleen,8,44,59.09090909090909
SPK_TS_Spleen,12,52,96.15384615384616
SPK_TS_Spleen,18,46,93.47826086956522
