dataset,method,fpr,sens_all,sens_hi
SPK_TS_Liver,R1_twogroup,4.97,5.12,4.58
SPK_TS_Liver,R1b_topcluster,5.75,5.6,4.17
SPK_TS_Liver,R4_tirosh,6.45,6.43,4.58
SPK_TS_Liver,ikarus,83.16,80.6,80.0
SPK_TS_Liver,score@FPR(R1_twogroup),4.97,8.45,12.92
SPK_TS_Liver,score@FPR(R1b_topcluster),5.75,10.36,15.42
SPK_TS_Liver,score@FPR(R4_tirosh),6.45,11.55,17.92
SPK_TS_Liver,score@FPR(ikarus),83.16,92.98,97.92
SPK_TS_Lung,R1_twogroup,56.43,51.67,38.75
SPK_TS_Lung,R1b_topcluster,1.16,1.43,2.5
SPK_TS_Lung,R4_tirosh,5.32,5.71,6.25
SPK_TS_Lung,ikarus,6.34,6.55,3.33
SPK_TS_Lung,score@FPR(R1_twogroup),56.43,76.31,94.17
SPK_TS_Lung,score@FPR(R1b_topcluster),1.16,3.1,5.42
SPK_TS_Lung,score@FPR(R4_tirosh),5.32,16.07,33.33
SPK_TS_Lung,score@FPR(ikarus),6.34,17.02,34.17
SPK_TS_Spleen,R1_twogroup,22.16,22.86,21.25
SPK_TS_Spleen,R1b_topcluster,0.0,8.93,31.25
SPK_TS_Spleen,R4_tirosh,4.45,5.12,4.58
SPK_TS_Spleen,ikarus,3.06,3.45,2.92
SPK_TS_Spleen,score@FPR(R1_twogroup),22.16,53.1,87.92
SPK_TS_Spleen,score@FPR(R4_tirosh),4.45,11.19,20.42
SPK_TS_Spleen,score@FPR(ikarus),3.06,7.98,14.17
