mode,tissue,n,n_fp,fpr_pct,ci_lo,ci_hi,type_null_frac
reffree,TS_Bone_Marrow,3003,0,0.0,0.0,0.128,0.672
reffree,TS_Kidney,1315,0,0.0,0.0,0.291,0.848
reffree,TS_Large_Intestine,3005,0,0.0,0.0,0.128,0.479
reffree,TS_Liver,2995,129,4.307,3.637,5.095,0.813
reffree,TS_Lung,3002,22,0.733,0.484,1.107,0.461
reffree,TS_Pancreas,1887,0,0.0,0.0,0.203,0.603
reffree,TS_Skin,2301,8,0.348,0.176,0.685,0.818
reffree,TS_Small_Intestine,2995,0,0.0,0.0,0.128,0.49
reffree,TS_Spleen,2997,16,0.534,0.329,0.865,0.897
reffree,TS_Stomach,2995,0,0.0,0.0,0.128,0.787
refimm,TS_Bone_Marrow,3003,0,0.0,0.0,0.128,0.672
refimm,TS_Kidney,1315,0,0.0,0.0,0.291,0.848
refimm,TS_Large_Intestine,3005,0,0.0,0.0,0.128,0.479
refimm,TS_Liver,2995,139,4.641,3.944,5.454,0.813
refimm,TS_Lung,3002,36,1.199,0.867,1.656,0.461
refimm,TS_Pancreas,1887,54,2.862,2.2,3.715,0.603
refimm,TS_Skin,2301,0,0.0,0.0,0.167,0.818
refimm,TS_Small_Intestine,2995,0,0.0,0.0,0.128,0.49
refimm,TS_Spleen,2997,16,0.534,0.329,0.865,0.897
refimm,TS_Stomach,2995,0,0.0,0.0,0.128,0.787
