source,dataset,alpha,realized,n
labels,CD_epithelial,0.01,0.0,2249
labels,CD_epithelial,0.02,0.0,2249
labels,CD_epithelial,0.05,0.0,2249
labels,CD_epithelial,0.1,0.0,2249
labels,CD_immune,0.01,0.0,3010
labels,CD_immune,0.02,0.0,3010
labels,CD_immune,0.05,0.000664451827242525,3010
labels,CD_immune,0.1,0.000664451827242525,3010
labels,PSO_skin,0.01,0.028409090909090908,2992
labels,PSO_skin,0.02,0.11196524064171123,2992
labels,PSO_skin,0.05,0.2677139037433155,2992
labels,PSO_skin,0.1,0.4481951871657754,2992
labels,TS_Bone_Marrow,0.01,0.0,3003
labels,TS_Bone_Marrow,0.02,0.0,3003
labels,TS_Bone_Marrow,0.05,0.000333000333000333,3003
labels,TS_Bone_Marrow,0.1,0.000333000333000333,3003
labels,TS_Kidney,0.01,0.0007604562737642585,1315
labels,TS_Kidney,0.02,0.0007604562737642585,1315
labels,TS_Kidney,0.05,0.0007604562737642585,1315
labels,TS_Kidney,0.1,0.0007604562737642585,1315
labels,TS_Large_Intestine,0.01,0.0,3005
labels,TS_Large_Intestine,0.02,0.0,3005
labels,TS_Large_Intestine,0.05,0.0,3005
labels,TS_Large_Intestine,0.1,0.0,3005
labels,TS_Liver,0.01,0.0,2995
labels,TS_Liver,0.02,0.0,2995
labels,TS_Liver,0.05,0.0,2995
labels,TS_Liver,0.1,0.01669449081803005,2995
labels,TS_Lung,0.01,0.0029980013324450365,3002
labels,TS_Lung,0.02,0.0029980013324450365,3002
labels,TS_Lung,0.05,0.0043304463690872754,3002
labels,TS_Lung,0.1,0.004663557628247834,3002
labels,TS_Pancreas,0.01,0.0010598834128245894,1887
labels,TS_Pancreas,0.02,0.0010598834128245894,1887
labels,TS_Pancreas,0.05,0.001589825119236884,1887
labels,TS_Pancreas,0.1,0.001589825119236884,1887
labels,TS_Skin,0.01,0.0,2301
labels,TS_Skin,0.02,0.0,2301
labels,TS_Skin,0.05,0.000434593654932638,2301
labels,TS_Skin,0.1,0.000434593654932638,2301
labels,TS_Small_Intestine,0.01,0.0,2995
labels,TS_Small_Intestine,0.02,0.0,2995
labels,TS_Small_Intestine,0.05,0.0,2995
labels,TS_Small_Intestine,0.1,0.0,2995
labels,TS_Spleen,0.01,0.001001001001001001,2997
labels,TS_Spleen,0.02,0.001334668001334668,2997
labels,TS_Spleen,0.05,0.002335669002335669,2997
labels,TS_Spleen,0.1,0.005338672005338672,2997
labels,TS_Stomach,0.01,0.0,2995
labels,TS_Stomach,0.02,0.0,2995
labels,TS_Stomach,0.05,0.0,2995
labels,TS_Stomach,0.1,0.0,2995
labels,UC_colon,0.01,0.0,1782
labels,UC_colon,0.02,0.0,1782
labels,UC_colon,0.05,0.0,1782
labels,UC_colon,0.1,0.0,1782
archetype,CD_epithelial,0.01,0.0,2249
archetype,CD_epithelial,0.02,0.0,2249
archetype,CD_epithelial,0.05,0.0,2249
archetype,CD_epithelial,0.1,0.0,2249
archetype,CD_immune,0.01,0.0,3010
archetype,CD_immune,0.02,0.0,3010
archetype,CD_immune,0.05,0.0,3010
archetype,CD_immune,0.1,0.18205980066445182,3010
archetype,PSO_skin,0.01,0.0,2992
archetype,PSO_skin,0.02,0.0,2992
archetype,PSO_skin,0.05,0.5698529411764706,2992
archetype,PSO_skin,0.1,0.7082219251336899,2992
archetype,TS_Bone_Marrow,0.01,0.0,3003
archetype,TS_Bone_Marrow,0.02,0.0,3003
archetype,TS_Bone_Marrow,0.05,0.0,3003
archetype,TS_Bone_Marrow,0.1,0.0,3003
archetype,TS_Kidney,0.01,0.0,1315
archetype,TS_Kidney,0.02,0.0,1315
archetype,TS_Kidney,0.05,0.0,1315
archetype,TS_Kidney,0.1,0.0,1315
archetype,TS_Large_Intestine,0.01,0.0,3005
archetype,TS_Large_Intestine,0.02,0.0,3005
archetype,TS_Large_Intestine,0.05,0.0,3005
archetype,TS_Large_Intestine,0.1,0.0,3005
archetype,TS_Liver,0.01,0.0,2995
archetype,TS_Liver,0.02,0.0,2995
archetype,TS_Liver,0.05,0.0,2995
archetype,TS_Liver,0.1,0.04240400667779633,2995
archetype,TS_Lung,0.01,0.0,3002
archetype,TS_Lung,0.02,0.0,3002
archetype,TS_Lung,0.05,0.00033311125916055963,3002
archetype,TS_Lung,0.1,0.00033311125916055963,3002
archetype,TS_Pancreas,0.01,0.0,1887
archetype,TS_Pancreas,0.02,0.0,1887
archetype,TS_Pancreas,0.05,0.0,1887
archetype,TS_Pancreas,0.1,0.0,1887
archetype,TS_Skin,0.01,0.0,2301
archetype,TS_Skin,0.02,0.0,2301
archetype,TS_Skin,0.05,0.0,2301
archetype,TS_Skin,0.1,0.0,2301
archetype,TS_Small_Intestine,0.01,0.0,2995
archetype,TS_Small_Intestine,0.02,0.0,2995
archetype,TS_Small_Intestine,0.05,0.0,2995
archetype,TS_Small_Intestine,0.1,0.0,2995
archetype,TS_Spleen,0.01,0.0,2997
archetype,TS_Spleen,0.02,0.0,2997
archetype,TS_Spleen,0.05,0.0,2997
archetype,TS_Spleen,0.1,0.0,2997
archetype,TS_Stomach,0.01,0.0,2995
archetype,TS_Stomach,0.02,0.0,2995
archetype,TS_Stomach,0.05,0.0,2995
archetype,TS_Stomach,0.1,0.0,2995
archetype,UC_colon,0.01,0.0,1782
archetype,UC_colon,0.02,0.0,1782
archetype,UC_colon,0.05,0.0,1782
archetype,UC_colon,0.1,0.0,1782
