chrom,bin,mean_diff,n_genes
1,0,-0.003035962996938024,463
1,1,0.003094671324880573,379
1,2,-0.020271706310376763,444
1,3,-0.001643077076273381,377
1,4,-0.010869177120301826,355
1,5,0.00983256906352309,269
1,6,0.008771917979339051,216
1,7,0.010851664594179036,158
1,8,0.002374316597928198,213
1,9,0.0068271981108673895,218
1,10,0.0024636603874882324,210
1,11,0.0012200416908684018,328
1,14,-0.0014417064205781542,341
1,15,-0.021110828773072576,604
1,16,-0.007100559858414195,348
1,17,0.005432711735202414,252
1,18,0.01355713500670827,219
1,19,0.010042974287052524,139
1,20,0.004412079010038751,380
1,21,0.012251505173799356,201
1,22,0.0019301752008372805,358
1,23,0.001099253776947102,258
1,24,0.008174657333333666,315
10,0,0.004659578094224387,315
10,1,0.010626875213463798,206
10,2,0.017391017906829894,266
10,3,0.01139271161826692,238
10,4,0.0029381853305926963,297
10,5,0.010076488285314995,125
10,6,0.006258167911154297,184
10,7,-0.003111687343570883,298
10,8,0.0022174296982813177,228
10,9,0.013130753465847054,250
10,10,0.0030494137968853532,246
10,11,0.0079916256706412,252
10,12,0.0030071343474809146,221
10,13,0.00843357199673523,145
11,0,-0.005874460025063129,593
11,1,-0.004379628860528689,248
11,2,0.008168339325387044,123
11,3,0.004271258154451931,177
11,4,0.004890289189954567,277
11,5,0.00036878708828385395,320
11,6,-0.02131182372802833,663
11,7,-0.0019753922839561683,376
11,8,0.008122213573691495,212
11,9,0.002703637555438125,190
11,10,0.006829845712943841,197
11,11,-0.003866593712104356,362
11,12,-0.005962481716218876,320
11,13,0.0014836092697403005,113
12,0,-0.01735547601256763,465
12,1,0.004833965494042128,269
12,2,0.018360019214445775,203
12,3,0.01757126223512973,170
12,4,8.18342539894089e-05,298
12,5,-0.03183042999046618,544
12,6,0.012559614218563483,253
12,7,0.007158217329506291,164
12,8,0.01272959829603082,136
12,9,0.0012018432528690382,238
12,10,0.001960719918221529,286
12,11,-0.004969811035969947,290
12,12,-0.01650072953805775,365
12,13,0.00015422980188546027,181
13,1,0.0029462980388496904,90
13,2,-0.006931899149841617,322
13,3,0.01192493976434243,208
13,4,-0.00021739862466806957,278
13,5,0.00459517174329039,184
13,6,0.00044724526413920923,118
13,7,0.0025089021561006206,160
13,9,0.007837354405042017,191
13,10,0.013807881212567917,173
13,11,0.013946760301171257,172
14,2,-0.0027036910351120507,496
14,3,0.004805782840050232,231
14,4,-0.02904062847229103,139
14,5,0.0031161085262706874,259
14,6,0.011254019618866799,260
14,7,0.007095708124320738,305
14,8,0.0038372319943442627,152
14,9,-0.0022272093209018758,277
14,10,-0.0007961868735802152,576
15,2,0.0006637466819095673,461
15,3,0.0027202440945588648,308
15,4,-0.006405026829495652,369
15,5,0.021969004972728634,258
15,6,-0.002948554595558773,299
15,7,8.741701706947278e-05,400
15,8,0.0026608590665292845,334
15,9,0.0065808403980615335,295
16,0,-0.013288410440283515,542
16,1,-0.0018134053790444123,353
16,2,4.786082256835174e-05,417
16,3,-0.0027141452085070487,447
16,5,-0.005844783797898725,321
16,6,-0.001055898007179721,292
16,7,0.009655745847049932,305
16,8,-0.0044840768951049745,380
17,0,-0.009657923613094432,538
17,1,-0.0015724443862267991,429
17,2,0.0013909307326406895,351
17,3,-0.014298307402502845,506
17,4,-0.0056287447824360905,671
17,5,0.0005447658774681825,293
17,6,0.01217142170127672,380
17,7,-0.010927217792901373,395
17,8,-0.007359960555891763,230
18,0,0.003507486879911238,266
18,1,0.0056663810444647295,211
18,2,0.008592683310576353,179
18,3,0.012310641003864248,174
18,4,0.011558680274066929,183
18,5,0.0027676388175034063,211
18,6,0.0021579612598096763,165
18,7,0.004116077094295096,253
19,0,-0.03387375098459058,630
19,1,-0.024546241038908675,667
19,2,0.002191284811011145,306
19,3,-0.01981774020644806,483
19,4,-0.02414517170759709,678
19,5,-0.009505913371709172,779
2,0,-0.004645454899139631,238
2,1,0.004348192503064367,212
2,2,0.0013292900303476464,298
2,3,0.010117008025081937,206
2,4,-0.0007330823978772232,223
2,5,-0.0011788944678018463,141
2,6,0.011881619605695311,288
2,7,-0.0022118755488556414,263
2,8,-0.01380629165378905,312
2,9,-0.0012566239152665643,276
2,10,0.01219922629442983,277
2,11,0.0034979814265395114,263
2,12,0.0011337370847971876,202
2,13,0.004742467107809015,285
2,14,0.016458228848661136,148
2,15,0.015290033708189175,169
2,16,0.02493121720919377,149
2,17,0.004893838259634154,257
2,18,0.016144672513594433,152
2,19,0.01165155334299914,156
2,20,0.001803620381455684,293
2,21,-0.0038495870743919295,260
2,22,0.0033439468903300852,172
2,23,-0.001635127502376589,343
2,24,0.002259898742135436,104
20,0,0.00403061232480027,291
20,1,0.002805459326181771,201
20,2,0.0002374728883934335,266
20,3,-0.0031489655524067003,372
20,4,0.0019943248906891383,333
20,5,0.002848112805570333,299
20,6,-0.027294753050659704,210
21,1,0.005362179637980587,184
21,2,0.0020660380544527557,178
21,3,0.005152297806041063,325
21,4,0.001654894777649699,297
22,1,0.0011816749114079755,278
22,2,-0.00010707173647847028,591
22,3,-0.005271379770481747,446
22,4,-0.013747227756912058,372
3,0,0.0017251376526135377,154
3,1,0.0018013664317833176,243
3,2,0.007174900682913451,124
3,3,-0.003964855339616791,220
3,4,-0.0018378060244710664,383
3,5,-0.005257605341429995,283
3,6,0.0233400666712973,145
3,7,0.009423128822963417,169
3,8,0.005276802024291812,104
3,9,0.001993781166344277,123
3,10,-0.0041146018804989115,160
3,11,0.004935186587635139,194
3,12,0.007433275625475209,328
3,13,0.005450307478403011,218
3,14,0.0071064829426065,202
3,15,0.0024900196007653446,202
3,16,0.004160291078974047,148
3,17,0.011393244388323164,179
3,18,0.004539950436245473,292
3,19,0.013436916401087646,288
4,0,0.0022095878998347088,389
4,1,0.017368794733784335,170
4,2,0.007438124004888466,146
4,3,0.007380315488211561,143
4,4,0.004742604617835883,177
4,5,0.0007257685240200824,169
4,6,0.0020607471085393233,179
4,7,0.002842488681258476,238
4,8,0.014209940626356542,206
4,9,0.007884442466434424,120
4,10,-0.0030247668778873265,163
4,11,0.0015428156097762797,200
4,12,0.008302177065877962,152
4,13,0.008016575212704661,137
4,14,0.01174304641491038,175
4,15,0.00918969792805717,225
4,16,0.009844308555128313,149
4,17,0.009251807100512634,151
4,18,0.007955313137075665,264
5,0,0.005741501438498238,281
5,1,0.006345096450951943,201
5,3,0.0024158595808979797,220
5,4,0.002239562976931338,121
5,5,0.010369956247975499,223
5,6,0.010645540770691443,197
5,7,0.004036935953312986,274
5,8,-0.008703911610681651,184
5,9,0.02060836833717515,175
5,10,0.015723293379924463,134
5,11,0.01491505621512978,185
5,12,0.00835246664316097,154
5,13,-0.006424692703652902,323
5,14,-0.0004011836342746143,340
5,15,-0.012377357429596225,217
5,16,0.002530157989226652,126
5,17,-0.004701868292027798,372
6,0,0.006854083192482168,274
6,1,0.01707232966799547,247
6,2,-0.004665651779466753,497
6,3,-0.01792491661168772,589
6,4,-0.001768996566300927,311
6,5,0.0029212403324779326,177
6,7,-0.009853787937980961,176
6,8,0.005045811187088584,195
6,9,0.006518968791486357,126
6,10,0.011345144017232604,186
6,11,0.005603203993188688,214
6,12,0.007382300676110779,140
6,13,0.0018470446663799507,247
6,14,0.01378383610677555,207
6,15,0.019233083628162027,246
6,16,0.020971720980221674,275
7,0,-0.00408589361972035,297
7,1,-0.001495948510295391,131
7,2,0.0006670732099030764,263
7,3,0.0032195705875124403,260
7,4,-0.0043197277084024875,244
7,5,-0.0018016851461845227,264
7,6,0.004784836989283708,265
7,7,0.00512805461613023,277
7,8,0.016931131430200433,108
7,9,0.0053009334514015054,255
7,10,0.004535908892969126,323
7,11,0.03118379425448111,148
7,12,0.004830568155062992,222
7,13,0.015027078174795042,236
7,14,0.0008682160256923769,373
7,15,-0.002332820922724768,292
8,0,0.0016866246505443223,312
8,1,0.013656260244467084,269
8,2,0.006146542575416793,311
8,3,0.003031493530855206,239
8,4,0.005356005893573296,217
8,5,0.0017839942336244682,185
8,6,0.007676446653334201,196
8,7,-0.0009609710231650384,170
8,8,-0.0007374990241125028,180
8,9,-0.004382781235574024,218
8,10,-0.010213874325814708,225
8,11,0.004522338221919559,123
8,12,0.00740376896766192,211
8,13,0.02150942870521519,134
8,14,0.004632656809858075,275
9,0,0.013373852720455267,202
9,1,-0.0078101623996190694,150
9,2,0.002031703002315646,167
9,3,-0.0004080500651566748,374
9,6,0.0018993734259786551,288
9,7,0.012986693432796083,167
9,8,0.00806251600829115,228
9,9,0.005608861418642991,334
9,10,0.005467181550707846,196
9,11,0.007930134221195843,195
9,12,-0.011888639773641406,362
9,13,-0.008446796815980762,397
