dataset,CD_epithelial,CD_immune,PSO_skin,TS_Bone_Marrow,TS_Kidney,TS_Large_Intestine,TS_Liver,TS_Lung,TS_Pancreas,TS_Skin,TS_Small_Intestine,TS_Spleen,TS_Stomach,UC_colon
CD_epithelial,1.0,-0.288893191719582,0.5616967442052212,0.552351718443008,0.5269910874455423,0.46748142031379025,0.3367464905037159,0.5357065975682679,0.5212232694552806,0.5401144679518209,0.5487525271220707,0.5190409749708135,0.6229938210085708,0.15996013553916683
CD_immune,-0.288893191719582,1.0,-0.40792769023055436,-0.32021982402688004,-0.4126096984538284,-0.4713494119992027,-0.41308351604544546,-0.48788063441441953,-0.4606156211737236,-0.11235513539679376,-0.34550756001025085,-0.4621896978843361,-0.2394977077935021,-0.17301973290811243
PSO_skin,0.5616967442052212,-0.40792769023055436,1.0,0.5730046224961479,0.6589720449042483,0.6115298261060973,0.5587739379264803,0.7272088928021131,0.6605855161787365,0.37004842615012107,0.6801364736957958,0.7115892581994276,0.597787805414924,0.2818137794408981
TS_Bone_Marrow,0.552351718443008,-0.32021982402688004,0.5730046224961479,1.0,0.563438011672879,0.6402548160609745,0.32995864866276303,0.614645863372188,0.5448705435325665,0.5638742296019944,0.6290678648417006,0.5614725175722937,0.7620339037957942,0.2971752794573471
TS_Kidney,0.5269910874455423,-0.4126096984538284,0.6589720449042483,0.563438011672879,1.0,0.6202686622100945,0.5283400623160491,0.7345477059600718,0.6988024114305853,0.4094307411878812,0.8008260213769127,0.734680079390546,0.627491112967318,0.23564565140713795
TS_Large_Intestine,0.46748142031379025,-0.4713494119992027,0.6115298261060973,0.6402548160609745,0.6202686622100945,1.0,0.48252154070385245,0.723554567316218,0.6742932194363294,0.32599749942680073,0.7338472997076892,0.6858298152441131,0.5101322924425105,0.37941213350502784
TS_Liver,0.3367464905037159,-0.41308351604544546,0.5587739379264803,0.32995864866276303,0.5283400623160491,0.48252154070385245,1.0,0.6600264914422252,0.6648349423407588,0.13136275653984789,0.5616277910477022,0.6104735868926845,0.3208299087991747,0.1889870891222273
TS_Lung,0.5357065975682679,-0.48788063441441953,0.7272088928021131,0.614645863372188,0.7345477059600718,0.723554567316218,0.6600264914422252,1.0,0.8254809917059946,0.3184153504028034,0.7880383011629593,0.8299202491971719,0.5727745275539206,0.299571964647916
TS_Pancreas,0.5212232694552806,-0.4606156211737236,0.6605855161787365,0.5448705435325665,0.6988024114305853,0.6742932194363294,0.6648349423407588,0.8254809917059946,1.0,0.26341782053569907,0.7279424393407133,0.7766329617102871,0.4784107033692948,0.259582342278035
TS_Skin,0.5401144679518209,-0.11235513539679376,0.37004842615012107,0.5638742296019944,0.4094307411878812,0.32599749942680073,0.13136275653984789,0.3184153504028034,0.26341782053569907,1.0,0.4574744769224797,0.23166327773928522,0.7740178882863198,0.2139514893267638
TS_Small_Intestine,0.5487525271220707,-0.34550756001025085,0.6801364736957958,0.6290678648417006,0.8008260213769127,0.7338472997076892,0.5616277910477022,0.7880383011629593,0.7279424393407133,0.4574744769224797,1.0,0.699568166591683,0.6562189400686276,0.36545818661246615
TS_Spleen,0.5190409749708135,-0.4621896978843361,0.7115892581994276,0.5614725175722937,0.734680079390546,0.6858298152441131,0.6104735868926845,0.8299202491971719,0.7766329617102871,0.23166327773928522,0.699568166591683,1.0,0.49167318061237514,0.20529694795462106
TS_Stomach,0.6229938210085708,-0.2394977077935021,0.597787805414924,0.7620339037957942,0.627491112967318,0.5101322924425105,0.3208299087991747,0.5727745275539206,0.4784107033692948,0.7740178882863198,0.6562189400686276,0.49167318061237514,1.0,0.18371225925978676
UC_colon,0.15996013553916683,-0.17301973290811243,0.2818137794408981,0.2971752794573471,0.23564565140713795,0.37941213350502784,0.1889870891222273,0.299571964647916,0.259582342278035,0.2139514893267638,0.36545818661246615,0.20529694795462106,0.18371225925978676,1.0
