family,kind,n_genes,cluster_chrom,cluster_start,cluster_end,n_in_cluster,frac_clustered,span_mb,clustered
ribosomal_protein,curated,1676,6,27211578,37091560,23,0.014,9.88,False
olfactory_recept,curated,871,11,49898726,59749192,168,0.193,9.85,False
ZNF_19q13,curated,310,19,50039564,58479004,126,0.406,8.44,False
IG_heavy,curated,210,14,105586063,106879687,173,0.824,1.29,True
TCR_alpha,curated,127,14,21622202,22549831,126,0.992,0.93,True
IG_kappa,curated,109,2,88857422,97386225,96,0.881,8.53,True
IG_lambda,curated,93,22,22026334,25437564,88,0.946,3.41,True
KRT_typeI_17q,curated,93,17,39835558,41646463,76,0.817,1.81,True
TCR_beta,curated,86,7,142299318,142812992,78,0.907,0.51,True
histone_HIST1,curated,68,6,25724979,27893658,68,1.0,2.17,True
PCDH_5q31,curated,63,5,140862372,141501022,63,1.0,0.64,True
KRT_typeII_12q,curated,49,12,52180653,61880045,43,0.878,9.7,True
cell_cycle_G2M,curated,48,1,37701096,44753788,3,0.062,7.05,False
cell_cycle_S,curated,44,1,27903137,35745102,2,0.045,7.84,False
HLA_classI_II,curated,43,6,29731548,33137270,43,1.0,3.41,True
EDC_SPRR_LCE,curated,42,1,152086602,153260905,42,1.0,1.17,True
interferon_stim,curated,40,10,89296482,89418086,4,0.1,0.12,False
CEACAM_19q13,curated,39,19,41568181,51484920,39,1.0,9.92,True
GAGE_XAGE_Xp11,curated,37,X,49311744,52865565,18,0.486,3.55,False
pancreatic_enzymes,curated,25,1,15443842,22007099,5,0.2,6.56,False
LILR_KIR_19q13,curated,24,19,54219723,54858821,24,1.0,0.64,True
TCR_gamma,curated,21,7,38244576,38367877,21,1.0,0.12,True
LGALS_lectins,curated,20,19,38772255,39715959,7,0.35,0.94,False
EDC_S100,curated,19,1,151987794,153626527,19,1.0,1.64,True
chemokine_CCL_17q,curated,18,17,34256241,36211901,18,1.0,1.96,True
DEFB_20p13,curated,16,20,31258648,31471115,10,0.625,0.21,True
HOXA_7p15,curated,16,7,27094516,27196797,16,1.0,0.1,True
CYP_19q13,curated,14,19,40822746,41200225,14,1.0,0.38,True
HOXB_17q21,curated,14,17,48529768,48726913,14,1.0,0.2,True
UGT1A_2q37,curated,13,2,233585865,233766787,13,1.0,0.18,True
HOXC_12q13,curated,13,12,53937471,54035963,13,1.0,0.1,True
HSP_stress,curated,13,2,197501332,197506759,2,0.154,0.01,False
DEFA_8p23,curated,11,8,6925386,7055995,11,1.0,0.13,True
chemokine_CXCL_4q,curated,11,4,73743949,77561793,11,1.0,3.82,True
MT_16q13,curated,10,16,56608816,56684084,10,1.0,0.08,True
HOXD_2q31,curated,10,2,176094465,176189792,10,1.0,0.1,True
SERPINB_18q21,curated,10,18,63490951,63994997,10,1.0,0.5,True
HBA_cluster,curated,7,16,148615,180809,7,1.0,0.03,True
surfactant,curated,7,10,79583841,79970713,5,0.714,0.39,True
granzyme,curated,7,14,24608150,24632615,3,0.429,0.02,False
HBB_cluster,curated,6,11,5227429,5386998,6,1.0,0.16,True
REG_cluster,curated,5,2,79027096,79158380,5,1.0,0.13,True
FCGR_1q23,curated,5,1,161514714,161670724,5,1.0,0.16,True
MUC_11p15,curated,4,11,1024770,1242619,4,1.0,0.22,True
APOA_11q23,curated,4,11,116791020,116838371,4,1.0,0.05,True
ALB_AFP_4q13,curated,4,4,73411860,73596090,4,1.0,0.18,True
complement_C1,curated,3,1,22637629,22657175,3,1.0,0.02,False
dd_IGHV_14,data_driven,112,14,105940004,106874827,87,0.777,0.93,True
dd_IGKV_2,data_driven,103,2,87338773,92034761,80,0.777,4.7,True
dd_TRBV_7,data_driven,67,7,142299318,142812992,59,0.881,0.51,True
dd_TRAJ_14,data_driven,60,14,22475345,22545067,60,1.0,0.07,True
dd_IGLV_22,data_driven,57,22,22031203,22881051,56,0.982,0.85,True
dd_TRAV_14,data_driven,54,14,21622202,22320439,54,1.0,0.7,True
dd_BNIP_19,data_driven,50,19,19857251,24098702,31,0.62,4.24,True
dd_HLA_6,data_driven,43,6,29731548,33137270,43,1.0,3.41,True
dd_IGHD_14,data_driven,38,14,105841221,105919510,28,0.737,0.08,True
dd_PRAMEF_1,data_driven,31,1,12775822,13415889,31,1.0,0.64,True
dd_RBMY_Y,data_driven,29,Y,21398288,26128491,20,0.69,4.73,True
dd_CCL_17,data_driven,28,17,34256241,36211901,18,0.643,1.96,True
dd_RNVU_1,data_driven,27,1,143699537,148522683,20,0.741,4.82,True
dd_SIGLEC_19,data_driven,26,19,49955041,51643151,22,0.846,1.69,True
dd_TSPY_Y,data_driven,25,Y,6247621,10067869,21,0.84,3.82,True
dd_CDY_Y,data_driven,23,Y,21638258,25995190,14,0.609,4.36,True
dd_MT_16,data_driven,23,16,56567090,56684084,18,0.783,0.12,True
dd_PCDHB_5,data_driven,22,5,141043302,141247380,22,1.0,0.2,True
dd_SSX_X,data_driven,22,X,48114805,52783619,20,0.909,4.67,True
dd_IGHVII_14,data_driven,21,14,105945299,106865761,21,1.0,0.92,True
dd_LCE_1,data_driven,19,1,152511490,152860624,19,1.0,0.35,True
dd_MAGEA_X,data_driven,19,X,149584562,153181582,18,0.947,3.6,True
dd_PMS_7,data_driven,18,7,73013322,77041860,12,0.667,4.03,True
dd_REXO_8,data_driven,18,8,85644551,85827710,12,0.667,0.18,True
dd_CST_20,data_driven,17,20,23451806,24955324,16,0.941,1.5,True
dd_IFNA_9,data_driven,17,9,21166148,21440877,17,1.0,0.27,True
dd_IGHVIII_14,data_driven,17,14,106001679,106879687,17,1.0,0.88,True
dd_MS_11,data_driven,17,11,60063851,60793319,17,1.0,0.73,True
dd_HCG_6,data_driven,16,6,28896875,33254595,15,0.938,4.36,True
dd_HOXA_7,data_driven,16,7,27094516,27196797,16,1.0,0.1,True
dd_CEACAM_19,data_driven,15,19,41568181,44704934,14,0.933,3.14,True
dd_CXCL_4,data_driven,15,4,73743949,77561793,11,0.733,3.82,True
dd_KLK_19,data_driven,15,19,50821466,51081923,15,1.0,0.26,True
dd_SERPINA_14,data_driven,15,14,94286043,94644019,12,0.8,0.36,True
dd_SERPINB_18,data_driven,15,18,63490951,63994997,10,0.667,0.5,True
dd_FMO_1,data_driven,14,1,166478155,171328924,13,0.929,4.85,True
dd_HOXB_17,data_driven,14,17,48529768,48726913,14,1.0,0.2,True
dd_PCDHA_5,data_driven,14,5,140862372,140947213,14,1.0,0.08,True
dd_RNASE_14,data_driven,14,14,20509710,21058138,14,1.0,0.55,True
dd_TRBJ_7,data_driven,14,7,142786903,142797479,14,1.0,0.01,True
dd_WFDC_20,data_driven,14,20,45112334,45769938,11,0.786,0.66,True
dd_GAGE_X,data_driven,13,X,49311744,49603779,13,1.0,0.29,True
dd_HOXC_12,data_driven,13,12,53937471,54035963,13,1.0,0.1,True
dd_MRGPRX_11,data_driven,13,11,18129721,19057586,13,1.0,0.93,True
dd_PSG_19,data_driven,13,19,42724804,43240677,13,1.0,0.52,True
dd_TCEAL_X,data_driven,13,X,102132778,103629829,10,0.769,1.5,True
dd_APOBEC_22,data_driven,12,22,38957962,39100164,8,0.667,0.14,True
dd_GSTA_6,data_driven,12,6,52695877,52986653,12,1.0,0.29,True
dd_MAGEB_X,data_driven,12,X,26139539,30247878,9,0.75,4.11,True
dd_PCDHGA_5,data_driven,12,5,141421736,141471742,12,1.0,0.05,True
dd_SPRR_1,data_driven,12,1,152948230,153157006,12,1.0,0.21,True
dd_TRGV_7,data_driven,12,7,38291847,38367877,12,1.0,0.08,True
dd_ADH_4,data_driven,11,4,99079900,99423979,7,0.636,0.34,True
dd_ALOX_17,data_driven,11,17,4636015,8078155,7,0.636,3.44,True
dd_CEACAMP_19,data_driven,11,19,41602478,43303847,11,1.0,1.7,True
dd_DEFA_8,data_driven,11,8,6925386,7055995,11,1.0,0.13,True
dd_BCRP_22,data_driven,10,22,20698448,24647811,8,0.8,3.95,True
dd_HOXD_2,data_driven,10,2,176094465,176189792,10,1.0,0.1,True
dd_KIR_19,data_driven,10,19,54538263,54858821,10,1.0,0.32,True
dd_LCN_9,data_driven,10,9,133226756,136952963,9,0.9,3.73,True
dd_NAV_11,data_driven,10,11,19382749,20120158,7,0.7,0.74,True
dd_PCDHGB_5,data_driven,10,5,141427272,141465309,10,1.0,0.04,True
dd_SCYGR_2,data_driven,10,2,227387816,227746057,10,1.0,0.36,True
dd_SPINK_5,data_driven,10,5,147828125,148330527,7,0.7,0.5,True
dd_SSU_11,data_driven,10,11,4233752,4338795,6,0.6,0.11,True
dd_ARMCX_X,data_driven,9,X,101476910,102733012,9,1.0,1.26,True
dd_BTN_6,data_driven,9,6,26373978,26505364,9,1.0,0.13,True
dd_GBP_1,data_driven,9,1,89014780,89418281,9,1.0,0.4,True
dd_GIMAP_7,data_driven,9,7,150465009,150747310,9,1.0,0.28,True
dd_IGHJ_14,data_driven,9,14,105863228,105865651,9,1.0,0.0,True
dd_TAAR_6,data_driven,9,6,132538806,132651259,9,1.0,0.11,True
dd_ACSM_16,data_driven,8,16,20425322,20704043,6,0.75,0.28,True
dd_ADGRF_6,data_driven,8,6,46904351,47703942,5,0.625,0.8,True
dd_CAMTA_1,data_driven,8,1,6784367,7441051,6,0.75,0.66,True
dd_FCRL_1,data_driven,8,1,157532946,159808382,7,0.875,2.28,True
dd_GLYATL_11,data_driven,8,11,58869140,59090546,7,0.875,0.22,True
dd_IQCF_3,data_driven,8,3,51778901,51874681,8,1.0,0.1,True
dd_IQSEC_12,data_driven,8,12,109236,2752864,5,0.625,2.64,True
dd_KIRREL_11,data_driven,8,11,126577447,127004484,5,0.625,0.43,True
dd_NCF_7,data_driven,8,7,73228218,75164341,5,0.625,1.94,True
dd_NPIPA_16,data_driven,8,16,14714876,18368708,8,1.0,3.65,True
dd_NXF_X,data_driven,8,X,101837907,103083970,7,0.875,1.25,True
dd_RAET_6,data_driven,8,6,149890550,150033167,8,1.0,0.14,True
dd_RGPD_2,data_driven,8,2,106429851,110562321,5,0.625,4.13,True
dd_APOC_19,data_driven,7,19,44916593,44945901,6,0.857,0.03,True
dd_BPIFB_20,data_driven,7,20,33015702,33351082,7,1.0,0.34,True
dd_ELOA_18,data_driven,7,18,46963588,47034074,5,0.714,0.07,True
dd_IFIT_10,data_driven,7,10,89296482,89418086,6,0.857,0.12,True
dd_IFNWP_9,data_driven,7,9,21106689,21455766,7,1.0,0.35,True
dd_IGFL_19,data_driven,7,19,46058150,46260639,7,1.0,0.2,True
dd_IGLC_22,data_driven,7,22,22895604,22922814,7,1.0,0.03,True
dd_IGLJ_22,data_driven,7,22,22893755,22921412,7,1.0,0.03,True
dd_IGLVI_22,data_driven,7,22,22026334,22715354,7,1.0,0.69,True
dd_OOSP_11,data_driven,7,11,59887632,60047069,5,0.714,0.16,True
dd_PLSCR_3,data_driven,7,3,146221769,146590950,6,0.857,0.37,True
dd_PPIAL_1,data_driven,7,1,144373254,148482925,5,0.714,4.11,True
dd_RHOXF_X,data_driven,7,X,119967836,120177169,7,1.0,0.21,True
dd_APOL_22,data_driven,6,22,35658268,36260300,6,1.0,0.6,True
dd_ARNT_15,data_driven,6,15,80378347,80580297,5,0.833,0.2,True
dd_BACH_21,data_driven,6,21,29356764,29498216,5,0.833,0.14,True
dd_CGB_19,data_driven,6,19,49023614,49056567,6,1.0,0.03,True
dd_CLCA_1,data_driven,6,1,86440018,86644824,6,1.0,0.2,True
dd_CROCCP_1,data_driven,6,1,16479005,21435938,5,0.833,4.96,True
dd_DGCR_22,data_driven,6,22,18911150,20316112,6,1.0,1.4,True
dd_DSG_18,data_driven,6,18,31338685,31549547,6,1.0,0.21,True
dd_EGFLAM_5,data_driven,6,5,38286625,38465195,6,1.0,0.18,True
dd_ICAM_19,data_driven,6,19,10278855,10336811,5,0.833,0.06,True
dd_IFNL_19,data_driven,6,19,39236863,39297540,6,1.0,0.06,True
dd_KHDC_6,data_driven,6,6,73209581,73363413,5,0.833,0.15,True
dd_LARGE_22,data_driven,6,22,33165251,33922130,5,0.833,0.76,True
dd_LILRA_19,data_driven,6,19,54239705,54598420,5,0.833,0.36,True
dd_LILRB_19,data_driven,6,19,54219723,54657210,6,1.0,0.44,True
dd_NTM_11,data_driven,6,11,131521791,132284691,6,1.0,0.76,True
dd_REG_2,data_driven,6,2,79027096,79158380,5,0.833,0.13,True
dd_SAA_11,data_driven,6,11,18114302,18268624,6,1.0,0.15,True
dd_SLAMF_1,data_driven,6,1,159832087,162446057,6,1.0,2.61,True
dd_SLFN_17,data_driven,6,17,35258349,35552402,6,1.0,0.29,True
dd_AMY_1,data_driven,5,1,103566674,103751926,5,1.0,0.19,True
dd_BEX_X,data_driven,5,X,102154740,103378377,5,1.0,1.22,True
dd_BPIFA_20,data_driven,5,20,33171590,33239649,5,1.0,0.07,True
dd_CFHR_1,data_driven,5,1,196788936,196992344,5,1.0,0.2,True
dd_CRYBB_22,data_driven,5,22,25203608,26609453,5,1.0,1.41,True
dd_CSAG_X,data_driven,5,X,152714961,152757071,5,1.0,0.04,True
dd_CSN_4,data_driven,5,4,69938820,70244928,5,1.0,0.31,True
dd_DSCR_21,data_driven,5,21,37222774,38207400,5,1.0,0.98,True
dd_ECEL_2,data_driven,5,2,232350531,232484435,5,1.0,0.13,True
dd_FOLR_11,data_driven,5,11,72127977,72219279,5,1.0,0.09,True
dd_IGKJ_2,data_driven,5,2,88860586,88861904,5,1.0,0.0,True
dd_IGLVIV_22,data_driven,5,22,22058662,22219890,5,1.0,0.16,True
dd_KLRC_12,data_driven,5,12,10391249,10447548,5,1.0,0.06,True
dd_PADI_1,data_driven,5,1,17093110,17386947,5,1.0,0.29,True
dd_RORA_15,data_driven,5,15,60554894,61188593,5,1.0,0.63,True
dd_TCAF_7,data_driven,5,7,143601439,143877125,5,1.0,0.28,True
dd_TREML_6,data_driven,5,6,41152361,41248509,5,1.0,0.1,True
dd_XAGE_X,data_driven,5,X,52372122,52865565,5,1.0,0.49,True
